<?xml version="1.0" encoding="utf-8" ?><dwsync><file name="add_to_spot.png" server="ftp.cityblinking.com//public_html/" local="3481070913" remote="67906184340" /><file name="add_to_spot_sm.png" server="ftp.cityblinking.com//public_html/" local="3481070917" remote="80791086228" /><file name="avant_garde_rw.png" server="ftp.cityblinking.com//public_html/" local="3481070920" remote="80791086228" /><file name="avant_garde_rw_sm.png" server="ftp.cityblinking.com//public_html/" local="3481070923" remote="93675988116" /><file name="avantgarde.png" server="ftp.cityblinking.com//public_html/" local="3481070927" remote="63611217044" /><file name="blues.png" server="ftp.cityblinking.com//public_html/" local="3481070931" remote="42136380564" /><file name="blues_rw.png" server="ftp.cityblinking.com//public_html/" local="3481070934" remote="55021282452" /><file name="blues_rw_sm.png" server="ftp.cityblinking.com//public_html/" local="3481070937" remote="67906184340" /><file name="classic_rock.png" server="ftp.cityblinking.com//public_html/" local="3481070940" remote="72201151636" /><file name="classic_rock_rw.png" server="ftp.cityblinking.com//public_html/" local="3481070944" remote="85086053524" /><file name="classic_rock_rw_sm.png" server="ftp.cityblinking.com//public_html/" local="3481070947" remote="97970955412" /><file name="classical.png" server="ftp.cityblinking.com//public_html/" local="3481070951" remote="59316249748" /><file name="classical_rw.png" server="ftp.cityblinking.com//public_html/" local="3481070956" remote="72201151636" /><file name="classical_rw_sm.png" server="ftp.cityblinking.com//public_html/" local="3481070960" remote="85086053524" /><file name="country.png" server="ftp.cityblinking.com//public_html/" local="3481070964" remote="50726315156" /><file name="country_rw.png" server="ftp.cityblinking.com//public_html/" local="3481070968" remote="63611217044" /><file name="country_rw_sm.png" server="ftp.cityblinking.com//public_html/" local="3481070971" remote="76496118932" /><file name="drama.png" server="ftp.cityblinking.com//public_html/" local="3481070976" remote="42136380564" /><file name="drama_rw.png" server="ftp.cityblinking.com//public_html/" local="3481070980" remote="55021282452" /><file name="drama_rw_sm.png" server="ftp.cityblinking.com//public_html/" local="3481070984" remote="67906184340" /><file name="echonest.svg" server="ftp.cityblinking.com//public_html/" local="3481070989" remote="55021282452" /><file name="electronica.png" server="ftp.cityblinking.com//public_html/" local="3481070992" remote="67906184340" /><file name="electronica_rw.png" server="ftp.cityblinking.com//public_html/" local="3481070996" remote="80791086228" /><file name="electronica_rw_sm.png" server="ftp.cityblinking.com//public_html/" local="3481070999" remote="93675988116" /><file name="EN_P_on_Light_Transparent.png" server="ftp.cityblinking.com//public_html/" local="3481070898" remote="128035726484" /><file name="folk.png" server="ftp.cityblinking.com//public_html/" local="3481071003" remote="37841413268" /><file name="folk_rw.png" server="ftp.cityblinking.com//public_html/" local="3481071007" remote="50726315156" /><file name="folk_rw_sm.png" server="ftp.cityblinking.com//public_html/" local="3481071010" remote="63611217044" /><file name="folk_stroke.png" server="ftp.cityblinking.com//public_html/" local="3481071014" remote="67906184340" /><file name="follow_me_music.png" server="ftp.cityblinking.com//public_html/" local="3481071019" remote="85086053524" /><file name="follow_me_music_md.png" server="ftp.cityblinking.com//public_html/" local="3481071023" remote="97970955412" /><file name="follow_me_music_sm.png" server="ftp.cityblinking.com//public_html/" local="3481071026" remote="97970955412" /><file name="hip-hop(stroke).png" server="ftp.cityblinking.com//public_html/" local="3481071030" remote="85086053524" /><file name="hip-hop.png" server="ftp.cityblinking.com//public_html/" local="3481071036" remote="50726315156" /><file name="hip-hop_rw.png" server="ftp.cityblinking.com//public_html/" local="3481071041" remote="63611217044" /><file name="hip-hop_rw_sm.png" server="ftp.cityblinking.com//public_html/" local="3481071044" remote="76496118932" /><file name="holiday.png" server="ftp.cityblinking.com//public_html/" local="3481071048" remote="50726315156" /><file name="holiday_rw.png" server="ftp.cityblinking.com//public_html/" local="3481071054" remote="63611217044" /><file name="holiday_rw_sm.png" server="ftp.cityblinking.com//public_html/" local="3481071057" remote="76496118932" /><file name="indie.png" server="ftp.cityblinking.com//public_html/" local="3481071061" remote="42136380564" /><file name="indie_rw.png" server="ftp.cityblinking.com//public_html/" local="3481071065" remote="55021282452" /><file name="indie_rw_sm.png" server="ftp.cityblinking.com//public_html/" local="3481071067" remote="67906184340" /><file name="jazz.png" server="ftp.cityblinking.com//public_html/" local="3481071071" remote="37841413268" /><file name="jazz_rw.png" server="ftp.cityblinking.com//public_html/" local="3481071075" remote="50726315156" /><file name="jazz_rw_sm.png" server="ftp.cityblinking.com//public_html/" local="3481071078" remote="63611217044" /><file name="kids.png" server="ftp.cityblinking.com//public_html/" local="3481071081" remote="37841413328" /><file name="kids_rw.png" server="ftp.cityblinking.com//public_html/" local="3481071085" remote="50726315216" /><file name="kids_rw_sm.png" server="ftp.cityblinking.com//public_html/" local="3481071088" remote="63611217104" /><file name="latin.png" server="ftp.cityblinking.com//public_html/" local="3481071092" remote="42136380624" /><file name="latin_rw.png" server="ftp.cityblinking.com//public_html/" local="3481071098" remote="55021282512" /><file name="latin_rw_sm.png" server="ftp.cityblinking.com//public_html/" local="3481071101" remote="67906184400" /><file name="logo4_smllst.png" server="ftp.cityblinking.com//public_html/" local="3481071105" remote="72201151696" /><file name="mail.png" server="ftp.cityblinking.com//public_html/" local="3481071110" remote="37841413328" /><file name="mail.svg" server="ftp.cityblinking.com//public_html/" local="3481071114" remote="37841413328" /><file name="marker.png" server="ftp.cityblinking.com//public_html/" local="3481071116" remote="46431347920" /><file name="marker_sm.png" server="ftp.cityblinking.com//public_html/" local="3481071120" remote="59316249808" /><file name="mic.png" server="ftp.cityblinking.com//public_html/" local="3481071123" remote="33546446032" /><file name="mic_rw.png" server="ftp.cityblinking.com//public_html/" local="3481071127" remote="46431347920" /><file name="mic_rw_sm.png" server="ftp.cityblinking.com//public_html/" local="3481071130" remote="59316249808" /><file name="music_where_you_are.png" server="ftp.cityblinking.com//public_html/" local="3481071135" remote="102265922768" /><file name="music_where_you_are_md.png" server="ftp.cityblinking.com//public_html/" local="3481071138" remote="115150824656" /><file name="music_where_you_are_sm.png" server="ftp.cityblinking.com//public_html/" local="3481071142" remote="115150824656" /><file name="new_age_rw.png" server="ftp.cityblinking.com//public_html/" local="3481071151" remote="63611217104" /><file name="new_age_rw_sm.png" server="ftp.cityblinking.com//public_html/" local="3481071155" remote="76496118992" /><file name="newage.png" server="ftp.cityblinking.com//public_html/" local="3481071161" remote="46431347920" /><file name="pop.png" server="ftp.cityblinking.com//public_html/" local="3481071164" remote="33546446032" /><file name="pop_rw.png" server="ftp.cityblinking.com//public_html/" local="3481071169" remote="46431347920" /><file name="pop_rw_sm.png" server="ftp.cityblinking.com//public_html/" local="3481071172" remote="59316249808" /><file name="punk.png" server="ftp.cityblinking.com//public_html/" local="3481071176" remote="37841413328" /><file name="punk_rw.png" server="ftp.cityblinking.com//public_html/" local="3481071181" remote="50726315216" /><file name="punk_rw_sm.png" server="ftp.cityblinking.com//public_html/" local="3481071184" remote="63611217104" /><file name="r&b.png" server="ftp.cityblinking.com//public_html/" local="3481071188" remote="33546446032" /><file name="r&b_rw.png" server="ftp.cityblinking.com//public_html/" local="3481071193" remote="46431347920" /><file name="r&b_rw_sm.png" server="ftp.cityblinking.com//public_html/" local="3481071196" remote="59316249808" /><file name="Roadtrip_geomix.png" server="ftp.cityblinking.com//public_html/" local="3481070902" remote="85086053584" /><file name="Roadtrip_geomix_md.png" server="ftp.cityblinking.com//public_html/" local="3481070905" remote="97970955472" /><file name="Roadtrip_geomix_sm.png" server="ftp.cityblinking.com//public_html/" local="3481070908" remote="97970955472" /><file name="rock.png" server="ftp.cityblinking.com//public_html/" local="3481071200" remote="37841413328" /><file name="rock_rw.png" server="ftp.cityblinking.com//public_html/" local="3481071204" remote="50726315216" /><file name="rock_rw_sm.png" server="ftp.cityblinking.com//public_html/" local="3481071207" remote="63611217104" /><file name="soft_rock.png" server="ftp.cityblinking.com//public_html/" local="3481071212" remote="59316249808" /><file name="soft_rock_rw.png" server="ftp.cityblinking.com//public_html/" local="3481071217" remote="72201151696" /><file name="soft_rock_rw_sm.png" server="ftp.cityblinking.com//public_html/" local="3481071220" remote="85086053584" /><file name="spotify.png" server="ftp.cityblinking.com//public_html/" local="3481071224" remote="50726315216" /><file name="spotify_green" server="ftp.cityblinking.com//public_html/" local="3481071230" remote="59316249808" /><file name="spotify_green.svg" server="ftp.cityblinking.com//public_html/" local="3481071235" remote="76496118992" /><file name="twitter.png" server="ftp.cityblinking.com//public_html/" local="3481071238" remote="50726315216" /><file name="twitter.svg" server="ftp.cityblinking.com//public_html/" local="3481071240" remote="50726315216" /><file name="twitter_for_ls.png" server="ftp.cityblinking.com//public_html/" local="3481071242" remote="80791086288" /><file name="wikimedia.png" server="ftp.cityblinking.com//public_html/" local="3481071245" remote="59316249808" /><file name="world.png" server="ftp.cityblinking.com//public_html/" local="3481071248" remote="42136380624" /><file name="world_rw.png" server="ftp.cityblinking.com//public_html/" local="3481071252" remote="55021282512" /><file name="world_rw_sm.png" server="ftp.cityblinking.com//public_html/" local="3481071254" remote="67906184400" /></dwsync>